№;P+, кВт;Q+, квар;Время;Дата
1;0.3750;0.0740;00:30;01.03.2019
2;0.3750;0.0730;01:00;01.03.2019
3;0.3760;0.0750;01:30;01.03.2019
4;0.3770;0.0740;02:00;01.03.2019
5;0.3970;0.0760;02:30;01.03.2019
6;0.3960;0.0750;03:00;01.03.2019
7;0.3930;0.0750;03:30;01.03.2019
8;0.3930;0.0740;04:00;01.03.2019
9;0.3930;0.0750;04:30;01.03.2019
10;0.3930;0.0740;05:00;01.03.2019
11;0.3920;0.0740;05:30;01.03.2019
12;0.3980;0.0770;06:00;01.03.2019
13;0.4020;0.0760;06:30;01.03.2019
14;0.4000;0.0750;07:00;01.03.2019
15;0.3940;0.0710;07:30;01.03.2019
16;0.2730;0.0030;08:00;01.03.2019
17;0.2540;0;08:30;01.03.2019
18;0.2570;0;09:00;01.03.2019
19;0.2550;0;09:30;01.03.2019
20;0.2460;0;10:00;01.03.2019
21;0.2490;0;10:30;01.03.2019
22;0.2570;0;11:00;01.03.2019
23;0.2650;0;11:30;01.03.2019
24;0.2640;0;12:00;01.03.2019
25;0.2630;0;12:30;01.03.2019
26;0.2620;0;13:00;01.03.2019
27;0.2630;0;13:30;01.03.2019
28;0.2640;0;14:00;01.03.2019
29;0.2590;0;14:30;01.03.2019
30;0.2590;0;15:00;01.03.2019
31;0.2540;0;15:30;01.03.2019
32;0.2540;0;16:00;01.03.2019
33;0.2720;0;16:30;01.03.2019
34;0.2730;0;17:00;01.03.2019
35;0.2710;0;17:30;01.03.2019
36;0.2750;0;18:00;01.03.2019
37;0.3000;0.0100;18:30;01.03.2019
38;0.4420;0.0750;19:00;01.03.2019
39;0.4510;0.0770;19:30;01.03.2019
40;0.4700;0.0770;20:00;01.03.2019
41;0.4710;0.0770;20:30;01.03.2019
42;0.4710;0.0740;21:00;01.03.2019
43;0.4710;0.0740;21:30;01.03.2019
44;0.4660;0.0760;22:00;01.03.2019
45;0.4470;0.0780;22:30;01.03.2019
46;0.4500;0.0770;23:00;01.03.2019
47;0.4600;0.0730;23:30;01.03.2019
48;0.4520;0.0720;00:00;02.03.2019
49;0.4390;0.0700;00:30;02.03.2019
50;0.4320;0.0710;01:00;02.03.2019
51;0.4230;0.0720;01:30;02.03.2019
52;0.3960;0.0730;02:00;02.03.2019
53;0.3950;0.0740;02:30;02.03.2019
54;0.3920;0.0730;03:00;02.03.2019
55;0.3930;0.0720;03:30;02.03.2019
56;0.3920;0.0730;04:00;02.03.2019
57;0.4100;0.0730;04:30;02.03.2019
58;0.4240;0.0730;05:00;02.03.2019
59;0.4300;0.0730;05:30;02.03.2019
60;0.4350;0.0730;06:00;02.03.2019
61;0.4240;0.0740;06:30;02.03.2019
62;0.4180;0.0730;07:00;02.03.2019
63;0.3250;0.0200;07:30;02.03.2019
64;0.2930;0;08:00;02.03.2019
65;0.2910;0;08:30;02.03.2019
66;0.2950;0;09:00;02.03.2019
67;0.2960;0;09:30;02.03.2019
68;0.2980;0;10:00;02.03.2019
69;0.3010;0;10:30;02.03.2019
70;0.2800;0;11:00;02.03.2019
71;0.2820;0;11:30;02.03.2019
72;0.2800;0;12:00;02.03.2019
73;0.2670;0;12:30;02.03.2019
74;0.2610;0;13:00;02.03.2019
75;0.2600;0;13:30;02.03.2019
76;0.2600;0;14:00;02.03.2019
77;0.2610;0;14:30;02.03.2019
78;0.2590;0;15:00;02.03.2019
79;0.2600;0;15:30;02.03.2019
80;0.2620;0;16:00;02.03.2019
81;0.2620;0;16:30;02.03.2019
82;0.2610;0;17:00;02.03.2019
83;0.2590;0;17:30;02.03.2019
84;0.2590;0;18:00;02.03.2019
85;0.2760;0.0090;18:30;02.03.2019
86;0.4200;0.0710;19:00;02.03.2019
87;0.4240;0.0750;19:30;02.03.2019
88;0.4270;0.0750;20:00;02.03.2019
89;0.4230;0.0740;20:30;02.03.2019
90;0.4050;0.0740;21:00;02.03.2019
91;0.4000;0.0730;21:30;02.03.2019
92;0.4020;0.0740;22:00;02.03.2019
93;0.4080;0.0670;22:30;02.03.2019
94;0.4180;0.0630;23:00;02.03.2019
95;0.4250;0.0720;23:30;02.03.2019
96;0.4220;0.0730;00:00;03.03.2019
97;0.4040;0.0740;00:30;03.03.2019
98;0.3980;0.0740;01:00;03.03.2019
99;0.3900;0.0730;01:30;03.03.2019
100;0.3890;0.0730;02:00;03.03.2019
101;0.4020;0.0740;02:30;03.03.2019
102;0.4040;0.0740;03:00;03.03.2019
103;0.4010;0.0750;03:30;03.03.2019
104;0.4010;0.0730;04:00;03.03.2019
105;0.3880;0.0740;04:30;03.03.2019
106;0.3820;0.0740;05:00;03.03.2019
107;0.3810;0.0740;05:30;03.03.2019
108;0.4190;0.0750;06:00;03.03.2019
109;0.4360;0.0740;06:30;03.03.2019
110;0.4350;0.0740;07:00;03.03.2019
111;0.3450;0.0190;07:30;03.03.2019
112;0.3180;0;08:00;03.03.2019
113;0.3190;0;08:30;03.03.2019
114;0.3170;0;09:00;03.03.2019
115;0.3170;0;09:30;03.03.2019
116;0.3150;0;10:00;03.03.2019
117;0.3150;0;10:30;03.03.2019
118;0.3140;0;11:00;03.03.2019
119;0.3140;0;11:30;03.03.2019
120;0.3100;0;12:00;03.03.2019
121;0.2990;0;12:30;03.03.2019
122;0.3020;0;13:00;03.03.2019
123;0.2900;0;13:30;03.03.2019
124;0.2820;0;14:00;03.03.2019
125;0.2840;0;14:30;03.03.2019
126;0.2820;0.0010;15:00;03.03.2019
127;0.2780;0;15:30;03.03.2019
128;0.2790;0;16:00;03.03.2019
129;0.2790;0;16:30;03.03.2019
130;0.2950;0;17:00;03.03.2019
131;0.2830;0;17:30;03.03.2019
132;0.2780;0;18:00;03.03.2019
133;0.2870;0.0100;18:30;03.03.2019
134;0.4210;0.0730;19:00;03.03.2019
135;0.4200;0.0750;19:30;03.03.2019
136;0.4230;0.0770;20:00;03.03.2019
137;0.4610;0.0680;20:30;03.03.2019
138;0.4630;0.0580;21:00;03.03.2019
139;0.4580;0.0750;21:30;03.03.2019
140;0.4600;0.0750;22:00;03.03.2019
141;0.4550;0.0760;22:30;03.03.2019
142;0.4370;0.0760;23:00;03.03.2019
143;0.4360;0.0750;23:30;03.03.2019
144;0.4360;0.0760;00:00;04.03.2019
145;0.4220;0.0770;00:30;04.03.2019
146;0.4180;0.0780;01:00;04.03.2019
147;0.4140;0.0760;01:30;04.03.2019
148;0.4170;0.0770;02:00;04.03.2019
149;0.3880;0.0780;02:30;04.03.2019
150;0.3860;0.0770;03:00;04.03.2019
151;0.3890;0.0790;03:30;04.03.2019
152;0.3830;0.0780;04:00;04.03.2019
153;0.3820;0.0780;04:30;04.03.2019
154;0.3820;0.0780;05:00;04.03.2019
155;0.3860;0.0760;05:30;04.03.2019
156;0.4020;0.0760;06:00;04.03.2019
157;0.4090;0.0790;06:30;04.03.2019
158;0.4070;0.0770;07:00;04.03.2019
159;0.3100;0.0190;07:30;04.03.2019
160;0.2830;0;08:00;04.03.2019
161;0.2840;0;08:30;04.03.2019
162;0.2850;0;09:00;04.03.2019
163;0.2870;0;09:30;04.03.2019
164;0.2860;0;10:00;04.03.2019
165;0.2920;0;10:30;04.03.2019
166;0.2900;0;11:00;04.03.2019
167;0.2820;0;11:30;04.03.2019
168;0.2690;0;12:00;04.03.2019
169;0.2680;0;12:30;04.03.2019
170;0.2690;0.0010;13:00;04.03.2019
171;0.2670;0;13:30;04.03.2019
172;0.2650;0;14:00;04.03.2019
173;0.2620;0;14:30;04.03.2019
174;0.2650;0;15:00;04.03.2019
175;0.2630;0;15:30;04.03.2019
176;0.2680;0;16:00;04.03.2019
177;0.2650;0;16:30;04.03.2019
178;0.2680;0;17:00;04.03.2019
179;0.2680;0;17:30;04.03.2019
180;0.2860;0;18:00;04.03.2019
181;0.2970;0.0100;18:30;04.03.2019
182;0.4360;0.0770;19:00;04.03.2019
183;0.4360;0.0770;19:30;04.03.2019
184;0.4340;0.0770;20:00;04.03.2019
185;0.4360;0.0800;20:30;04.03.2019
186;0.4360;0.0810;21:00;04.03.2019
187;0.4340;0.0790;21:30;04.03.2019
188;0.4330;0.0790;22:00;04.03.2019
189;0.4310;0.0780;22:30;04.03.2019
190;0.4480;0.0740;23:00;04.03.2019
191;0.4460;0.0790;23:30;04.03.2019
192;0.4260;0.0770;00:00;05.03.2019
193;0.4030;0.0750;00:30;05.03.2019
194;0.4040;0.0760;01:00;05.03.2019
195;0.4050;0.0750;01:30;05.03.2019
196;0.4050;0.0750;02:00;05.03.2019
197;0.4060;0.0760;02:30;05.03.2019
198;0.4080;0.0770;03:00;05.03.2019
199;0.4090;0.0770;03:30;05.03.2019
200;0.4060;0.0770;04:00;05.03.2019
201;0.4050;0.0760;04:30;05.03.2019
202;0.3910;0.0770;05:00;05.03.2019
203;0.3870;0.0760;05:30;05.03.2019
204;0.3890;0.0770;06:00;05.03.2019
205;0.3900;0.0760;06:30;05.03.2019
206;0.3980;0.0760;07:00;05.03.2019
207;0.3160;0.0200;07:30;05.03.2019
208;0.2810;0;08:00;05.03.2019
209;0.2810;0;08:30;05.03.2019
210;0.2840;0;09:00;05.03.2019
211;0.2850;0;09:30;05.03.2019
212;0.2850;0;10:00;05.03.2019
213;0.2890;0;10:30;05.03.2019
214;0.2880;0;11:00;05.03.2019
215;0.2840;0;11:30;05.03.2019
216;0.2780;0;12:00;05.03.2019
217;0.2820;0;12:30;05.03.2019
218;0.2750;0;13:00;05.03.2019
219;0.2660;0;13:30;05.03.2019
220;0.2650;0;14:00;05.03.2019
221;0.2640;0;14:30;05.03.2019
222;0.2660;0;15:00;05.03.2019
223;0.2630;0;15:30;05.03.2019
224;0.2610;0;16:00;05.03.2019
225;0.2600;0;16:30;05.03.2019
226;0.2600;0.0050;17:00;05.03.2019
227;0.2570;0;17:30;05.03.2019
228;0.2550;0;18:00;05.03.2019
229;0.2690;0.0100;18:30;05.03.2019
230;0.4030;0.0760;19:00;05.03.2019
231;0.4050;0.0760;19:30;05.03.2019
232;0.4040;0.0760;20:00;05.03.2019
233;0.4030;0.0770;20:30;05.03.2019
234;0.4060;0.0770;21:00;05.03.2019
235;0.4030;0.0560;21:30;05.03.2019
236;0.4280;0.0670;22:00;05.03.2019
237;0.4270;0.0660;22:30;05.03.2019
238;0.4250;0.0690;23:00;05.03.2019
239;0.4230;0.0710;23:30;05.03.2019
240;0.4220;0.0730;00:00;06.03.2019
241;0.4050;0.0760;00:30;06.03.2019
242;0.4040;0.0760;01:00;06.03.2019
243;0.4050;0.0760;01:30;06.03.2019
244;0.4040;0.0760;02:00;06.03.2019
245;0.4070;0.0800;02:30;06.03.2019
246;0.4080;0.0810;03:00;06.03.2019
247;0.3980;0.0790;03:30;06.03.2019
248;0.3790;0.0780;04:00;06.03.2019
249;0.3770;0.0770;04:30;06.03.2019
250;0.3780;0.0770;05:00;06.03.2019
251;0.3850;0.0760;05:30;06.03.2019
252;0.3890;0.0770;06:00;06.03.2019
253;0.4100;0.0760;06:30;06.03.2019
254;0.4290;0.0770;07:00;06.03.2019
255;0.3320;0.0190;07:30;06.03.2019
256;0.3160;0;08:00;06.03.2019
257;0.3240;0.0010;08:30;06.03.2019
258;0.3260;0;09:00;06.03.2019
259;0.3300;0;09:30;06.03.2019
260;0.3290;0;10:00;06.03.2019
261;0.3340;0;10:30;06.03.2019
262;0.3310;0;11:00;06.03.2019
263;0.3330;0;11:30;06.03.2019
264;0.3340;0;12:00;06.03.2019
265;0.3140;0;12:30;06.03.2019
266;0.2970;0;13:00;06.03.2019
267;0.2930;0;13:30;06.03.2019
268;0.2820;0;14:00;06.03.2019
269;0.2930;0;14:30;06.03.2019
270;0.2910;0;15:00;06.03.2019
271;0.2880;0;15:30;06.03.2019
272;0.2880;0;16:00;06.03.2019
273;0.2940;0;16:30;06.03.2019
274;0.2920;0;17:00;06.03.2019
275;0.2990;0.0040;17:30;06.03.2019
276;0.3090;0.0030;18:00;06.03.2019
277;0.3220;0.0130;18:30;06.03.2019
278;0.4560;0.0760;19:00;06.03.2019
279;0.4600;0.0770;19:30;06.03.2019
280;0.4620;0.0790;20:00;06.03.2019
281;0.4490;0.0790;20:30;06.03.2019
282;0.4620;0.0790;21:00;06.03.2019
283;0.4630;0.0800;21:30;06.03.2019
284;0.4580;0.0770;22:00;06.03.2019
285;0.4590;0.0760;22:30;06.03.2019
286;0.4610;0.0800;23:00;06.03.2019
287;0.4490;0.0770;23:30;06.03.2019
288;0.4340;0.0770;00:00;07.03.2019
289;0.4130;0.0780;00:30;07.03.2019
290;0.4070;0.0770;01:00;07.03.2019
291;0.4060;0.0790;01:30;07.03.2019
292;0.4070;0.0770;02:00;07.03.2019
293;0.4210;0.0790;02:30;07.03.2019
294;0.4170;0.0790;03:00;07.03.2019
295;0.4320;0.0790;03:30;07.03.2019
296;0.4300;0.0780;04:00;07.03.2019
297;0.4170;0.0790;04:30;07.03.2019
298;0.4160;0.0790;05:00;07.03.2019
299;0.4140;0.0770;05:30;07.03.2019
300;0.4180;0.0780;06:00;07.03.2019
301;0.4190;0.0780;06:30;07.03.2019
302;0.4240;0.0790;07:00;07.03.2019
303;0.3310;0.0240;07:30;07.03.2019
304;0.2950;0;08:00;07.03.2019
305;0.3100;0.0010;08:30;07.03.2019
306;0.3100;0;09:00;07.03.2019
307;0.2960;0;09:30;07.03.2019
308;0.3010;0;10:00;07.03.2019
309;0.2810;0;10:30;07.03.2019
310;0.2770;0;11:00;07.03.2019
311;0.2790;0;11:30;07.03.2019
312;0.2740;0.0010;12:00;07.03.2019
313;0.2740;0.0110;12:30;07.03.2019
314;0.2720;0;13:00;07.03.2019
315;0.2720;0;13:30;07.03.2019
316;0.2690;0;14:00;07.03.2019
317;0.2670;0;14:30;07.03.2019
318;0.2670;0;15:00;07.03.2019
319;0.2660;0;15:30;07.03.2019
320;0.2650;0;16:00;07.03.2019
321;0.2650;0;16:30;07.03.2019
322;0.2640;0;17:00;07.03.2019
323;0.2650;0;17:30;07.03.2019
324;0.2680;0;18:00;07.03.2019
325;0.2770;0.0110;18:30;07.03.2019
326;0.4350;0.0810;19:00;07.03.2019
327;0.4450;0.0810;19:30;07.03.2019
328;0.4440;0.0800;20:00;07.03.2019
329;0.4390;0.0770;20:30;07.03.2019
330;0.4440;0.0800;21:00;07.03.2019
331;0.4430;0.0780;21:30;07.03.2019
332;0.4400;0.0790;22:00;07.03.2019
333;0.4500;0.0770;22:30;07.03.2019
334;0.4600;0.0730;23:00;07.03.2019
335;0.4580;0.0780;23:30;07.03.2019
336;0.4500;0.0760;00:00;08.03.2019
337;0.4120;0.0800;00:30;08.03.2019
338;0.3880;0.0780;01:00;08.03.2019
339;0.3770;0.0780;01:30;08.03.2019
340;0.3780;0.0780;02:00;08.03.2019
341;0.3800;0.0800;02:30;08.03.2019
342;0.3800;0.0800;03:00;08.03.2019
343;0.3800;0.0800;03:30;08.03.2019
344;0.3800;0.0790;04:00;08.03.2019
345;0.3800;0.0800;04:30;08.03.2019
346;0.3810;0.0800;05:00;08.03.2019
347;0.3990;0.0790;05:30;08.03.2019
348;0.4030;0.0800;06:00;08.03.2019
349;0.4080;0.0790;06:30;08.03.2019
350;0.4230;0.0810;07:00;08.03.2019
351;0.3280;0.0200;07:30;08.03.2019
352;0.3070;0;08:00;08.03.2019
353;0.3090;0.0010;08:30;08.03.2019
354;0.2980;0;09:00;08.03.2019
355;0.2980;0;09:30;08.03.2019
356;0.2980;0;10:00;08.03.2019
357;0.2980;0;10:30;08.03.2019
358;0.2990;0;11:00;08.03.2019
359;0.2790;0;11:30;08.03.2019
360;0.2770;0;12:00;08.03.2019
361;0.2760;0;12:30;08.03.2019
362;0.2770;0;13:00;08.03.2019
363;0.2710;0;13:30;08.03.2019
364;0.2640;0;14:00;08.03.2019
365;0.2630;0;14:30;08.03.2019
366;0.2630;0;15:00;08.03.2019
367;0.2640;0;15:30;08.03.2019
368;0.2640;0;16:00;08.03.2019
369;0.2610;0;16:30;08.03.2019
370;0.2610;0;17:00;08.03.2019
371;0.2610;0;17:30;08.03.2019
372;0.2610;0;18:00;08.03.2019
373;0.2740;0.0100;18:30;08.03.2019
374;0.4150;0.0790;19:00;08.03.2019
375;0.4310;0.0800;19:30;08.03.2019
376;0.4360;0.0790;20:00;08.03.2019
377;0.4350;0.0730;20:30;08.03.2019
378;0.4350;0.0610;21:00;08.03.2019
379;0.4360;0.0690;21:30;08.03.2019
380;0.4330;0.0780;22:00;08.03.2019
381;0.4320;0.0680;22:30;08.03.2019
382;0.4310;0.0650;23:00;08.03.2019
383;0.4320;0.0760;23:30;08.03.2019
384;0.4220;0.0750;00:00;09.03.2019
385;0.3960;0.0750;00:30;09.03.2019
386;0.3930;0.0760;01:00;09.03.2019
387;0.3780;0.0760;01:30;09.03.2019
388;0.3770;0.0750;02:00;09.03.2019
389;0.3790;0.0780;02:30;09.03.2019
390;0.3790;0.0770;03:00;09.03.2019
391;0.3790;0.0780;03:30;09.03.2019
392;0.3800;0.0780;04:00;09.03.2019
393;0.3790;0.0770;04:30;09.03.2019
394;0.3800;0.0770;05:00;09.03.2019
395;0.3790;0.0770;05:30;09.03.2019
396;0.3820;0.0770;06:00;09.03.2019
397;0.3830;0.0770;06:30;09.03.2019
398;0.3830;0.0770;07:00;09.03.2019
399;0.2910;0.0200;07:30;09.03.2019
400;0.2570;0;08:00;09.03.2019
401;0.2570;0;08:30;09.03.2019
402;0.2590;0;09:00;09.03.2019
403;0.2580;0;09:30;09.03.2019
404;0.2600;0;10:00;09.03.2019
405;0.2630;0;10:30;09.03.2019
406;0.2530;0;11:00;09.03.2019
407;0.2500;0;11:30;09.03.2019
408;0.2520;0;12:00;09.03.2019
409;0.2520;0;12:30;09.03.2019
410;0.2520;0;13:00;09.03.2019
411;0.2520;0;13:30;09.03.2019
412;0.2520;0;14:00;09.03.2019
413;0.2520;0;14:30;09.03.2019
414;0.2520;0;15:00;09.03.2019
415;0.2520;0;15:30;09.03.2019
416;0.2520;0;16:00;09.03.2019
417;0.2520;0;16:30;09.03.2019
418;0.2530;0;17:00;09.03.2019
419;0.2520;0;17:30;09.03.2019
420;0.2520;0;18:00;09.03.2019
421;0.2630;0.0100;18:30;09.03.2019
422;0.3950;0.0700;19:00;09.03.2019
423;0.3960;0.0720;19:30;09.03.2019
424;0.4130;0.0740;20:00;09.03.2019
425;0.4190;0.0740;20:30;09.03.2019
426;0.4200;0.0750;21:00;09.03.2019
427;0.4190;0.0760;21:30;09.03.2019
428;0.4000;0.0770;22:00;09.03.2019
429;0.3990;0.0700;22:30;09.03.2019
430;0.4040;0.0660;23:00;09.03.2019
431;0.3990;0.0720;23:30;09.03.2019
432;0.3980;0.0740;00:00;10.03.2019
433;0.3820;0.0770;00:30;10.03.2019
434;0.3750;0.0760;01:00;10.03.2019
435;0.3810;0.0780;01:30;10.03.2019
436;0.3830;0.0770;02:00;10.03.2019
437;0.3880;0.0770;02:30;10.03.2019
438;0.3990;0.0770;03:00;10.03.2019
439;0.3960;0.0780;03:30;10.03.2019
440;0.3980;0.0770;04:00;10.03.2019
441;0.3890;0.0770;04:30;10.03.2019
442;0.3780;0.0770;05:00;10.03.2019
443;0.3740;0.0770;05:30;10.03.2019
444;0.3770;0.0770;06:00;10.03.2019
445;0.3790;0.0770;06:30;10.03.2019
446;0.3770;0.0770;07:00;10.03.2019
447;0.2860;0.0200;07:30;10.03.2019
448;0.2640;0;08:00;10.03.2019
449;0.2790;0;08:30;10.03.2019
450;0.2780;0;09:00;10.03.2019
451;0.2790;0;09:30;10.03.2019
452;0.2700;0;10:00;10.03.2019
453;0.2610;0;10:30;10.03.2019
454;0.2620;0;11:00;10.03.2019
455;0.2610;0;11:30;10.03.2019
456;0.2600;0;12:00;10.03.2019
457;0.2630;0;12:30;10.03.2019
458;0.2820;0;13:00;10.03.2019
459;0.2800;0;13:30;10.03.2019
460;0.2810;0;14:00;10.03.2019
461;0.2800;0;14:30;10.03.2019
462;0.2790;0;15:00;10.03.2019
463;0.2770;0;15:30;10.03.2019
464;0.2740;0;16:00;10.03.2019
465;0.2690;0;16:30;10.03.2019
466;0.2680;0;17:00;10.03.2019
467;0.2680;0;17:30;10.03.2019
468;0.2680;0;18:00;10.03.2019
469;0.2780;0.0090;18:30;10.03.2019
470;0.3930;0.0540;19:00;10.03.2019
471;0.3940;0.0600;19:30;10.03.2019
472;0.3940;0.0720;20:00;10.03.2019
473;0.3920;0.0570;20:30;10.03.2019
474;0.3930;0.0360;21:00;10.03.2019
475;0.3940;0.0550;21:30;10.03.2019
476;0.3940;0.0700;22:00;10.03.2019
477;0.3940;0.0770;22:30;10.03.2019
478;0.3950;0.0750;23:00;10.03.2019
479;0.3940;0.0750;23:30;10.03.2019
480;0.3940;0.0780;00:00;11.03.2019
481;0.3800;0.0780;00:30;11.03.2019
482;0.3770;0.0750;01:00;11.03.2019
483;0.3770;0.0790;01:30;11.03.2019
484;0.3800;0.0790;02:00;11.03.2019
485;0.3820;0.0790;02:30;11.03.2019
486;0.3790;0.0790;03:00;11.03.2019
487;0.3800;0.0800;03:30;11.03.2019
488;0.3800;0.0790;04:00;11.03.2019
489;0.3790;0.0780;04:30;11.03.2019
490;0.3790;0.0770;05:00;11.03.2019
491;0.3810;0.0760;05:30;11.03.2019
492;0.4080;0.0800;06:00;11.03.2019
493;0.4270;0.0780;06:30;11.03.2019
494;0.4310;0.0760;07:00;11.03.2019
495;0.3370;0.0190;07:30;11.03.2019
496;0.3130;0;08:00;11.03.2019
497;0.3190;0.0010;08:30;11.03.2019
498;0.3200;0;09:00;11.03.2019
499;0.3240;0;09:30;11.03.2019
500;0.3220;0;10:00;11.03.2019
501;0.3220;0;10:30;11.03.2019
502;0.3220;0;11:00;11.03.2019
503;0.3210;0;11:30;11.03.2019
504;0.3000;0;12:00;11.03.2019
505;0.2870;0;12:30;11.03.2019
506;0.2800;0;13:00;11.03.2019
507;0.2810;0;13:30;11.03.2019
508;0.2740;0;14:00;11.03.2019
509;0.2660;0;14:30;11.03.2019
510;0.2600;0;15:00;11.03.2019
511;0.2590;0;15:30;11.03.2019
512;0.2600;0;16:00;11.03.2019
513;0.2590;0;16:30;11.03.2019
514;0.2580;0;17:00;11.03.2019
515;0.2600;0;17:30;11.03.2019
516;0.2610;0;18:00;11.03.2019
517;0.2690;0.0100;18:30;11.03.2019
518;0.4000;0.0740;19:00;11.03.2019
519;0.3990;0.0750;19:30;11.03.2019
520;0.4040;0.0780;20:00;11.03.2019
521;0.4030;0.0730;20:30;11.03.2019
522;0.4030;0.0670;21:00;11.03.2019
523;0.4040;0.0670;21:30;11.03.2019
524;0.4020;0.0740;22:00;11.03.2019
525;0.4020;0.0550;22:30;11.03.2019
526;0.4190;0.0500;23:00;11.03.2019
527;0.4180;0.0630;23:30;11.03.2019
528;0.4200;0.0700;00:00;12.03.2019
529;0.4060;0.0770;00:30;12.03.2019
530;0.4000;0.0750;01:00;12.03.2019
531;0.4030;0.0760;01:30;12.03.2019
532;0.4030;0.0770;02:00;12.03.2019
533;0.4030;0.0770;02:30;12.03.2019
534;0.3990;0.0780;03:00;12.03.2019
535;0.4010;0.0780;03:30;12.03.2019
536;0.4030;0.0780;04:00;12.03.2019
537;0.4030;0.0770;04:30;12.03.2019
538;0.3840;0.0770;05:00;12.03.2019
539;0.4000;0.0770;05:30;12.03.2019
540;0.4060;0.0730;06:00;12.03.2019
541;0.4070;0.0760;06:30;12.03.2019
542;0.4060;0.0750;07:00;12.03.2019
543;0.3160;0.0200;07:30;12.03.2019
544;0.2880;0;08:00;12.03.2019
545;0.2900;0.0020;08:30;12.03.2019
546;0.2920;0;09:00;12.03.2019
547;0.2930;0;09:30;12.03.2019
548;0.2920;0;10:00;12.03.2019
549;0.3060;0;10:30;12.03.2019
550;0.3070;0;11:00;12.03.2019
551;0.2920;0;11:30;12.03.2019
552;0.2860;0;12:00;12.03.2019
553;0.2890;0;12:30;12.03.2019
554;0.2890;0;13:00;12.03.2019
555;0.2890;0;13:30;12.03.2019
556;0.2880;0;14:00;12.03.2019
557;0.2900;0;14:30;12.03.2019
558;0.2850;0.0020;15:00;12.03.2019
559;0.2830;0;15:30;12.03.2019
560;0.2770;0;16:00;12.03.2019
561;0.2610;0;16:30;12.03.2019
562;0.2600;0;17:00;12.03.2019
563;0.2600;0;17:30;12.03.2019
564;0.2600;0.0030;18:00;12.03.2019
565;0.2640;0.0050;18:30;12.03.2019
566;0.3290;0.0350;19:00;12.03.2019
567;0.4140;0.0760;19:30;12.03.2019
568;0.4140;0.0770;20:00;12.03.2019
569;0.4140;0.0690;20:30;12.03.2019
570;0.4120;0.0630;21:00;12.03.2019
571;0.4130;0.0700;21:30;12.03.2019
572;0.4140;0.0800;22:00;12.03.2019
573;0.4110;0.0750;22:30;12.03.2019
574;0.4040;0.0690;23:00;12.03.2019
575;0.4050;0.0740;23:30;12.03.2019
576;0.4180;0.0700;00:00;13.03.2019
577;0.4060;0.0760;00:30;13.03.2019
578;0.4080;0.0740;01:00;13.03.2019
579;0.4180;0.0750;01:30;13.03.2019
580;0.4220;0.0750;02:00;13.03.2019
581;0.4360;0.0770;02:30;13.03.2019
582;0.4370;0.0770;03:00;13.03.2019
583;0.4350;0.0770;03:30;13.03.2019
584;0.4380;0.0770;04:00;13.03.2019
585;0.4370;0.0770;04:30;13.03.2019
586;0.4360;0.0770;05:00;13.03.2019
587;0.4360;0.0770;05:30;13.03.2019
588;0.4220;0.0770;06:00;13.03.2019
589;0.4210;0.0760;06:30;13.03.2019
590;0.3380;0.0330;07:00;13.03.2019
591;0.2780;0;07:30;13.03.2019
592;0.2870;0.0020;08:00;13.03.2019
593;0.2890;0;08:30;13.03.2019
594;0.2920;0;09:00;13.03.2019
595;0.2940;0;09:30;13.03.2019
596;0.2920;0;10:00;13.03.2019
597;0.2870;0;10:30;13.03.2019
598;0.2850;0;11:00;13.03.2019
599;0.2860;0.0020;11:30;13.03.2019
600;0.2860;0.0080;12:00;13.03.2019
601;0.2820;0.0010;12:30;13.03.2019
602;0.2810;0.0030;13:00;13.03.2019
603;0.2850;0;13:30;13.03.2019
604;0.2890;0;14:00;13.03.2019
605;0.2820;0;14:30;13.03.2019
606;0.2820;0;15:00;13.03.2019
607;0.2800;0;15:30;13.03.2019
608;0.2820;0;16:00;13.03.2019
609;0.2820;0;16:30;13.03.2019
610;0.2770;0;17:00;13.03.2019
611;0.2750;0;17:30;13.03.2019
612;0.2790;0;18:00;13.03.2019
613;0.2800;0.0020;18:30;13.03.2019
614;0.3400;0.0380;19:00;13.03.2019
615;0.4200;0.0750;19:30;13.03.2019
616;0.4040;0.0760;20:00;13.03.2019
617;0.4060;0.0760;20:30;13.03.2019
618;0.4090;0.0780;21:00;13.03.2019
619;0.4120;0.0790;21:30;13.03.2019
620;0.4060;0.0740;22:00;13.03.2019
621;0.4020;0.0680;22:30;13.03.2019
622;0.3990;0.0700;23:00;13.03.2019
623;0.3980;0.0680;23:30;13.03.2019
624;0.3960;0.0740;00:00;14.03.2019
625;0.3750;0.0750;00:30;14.03.2019
626;0.3770;0.0780;01:00;14.03.2019
627;0.3780;0.0770;01:30;14.03.2019
628;0.3760;0.0760;02:00;14.03.2019
629;0.3760;0.0780;02:30;14.03.2019
630;0.3760;0.0770;03:00;14.03.2019
631;0.3790;0.0760;03:30;14.03.2019
632;0.3800;0.0770;04:00;14.03.2019
633;0.3920;0.0760;04:30;14.03.2019
634;0.4120;0.0770;05:00;14.03.2019
635;0.4110;0.0760;05:30;14.03.2019
636;0.4130;0.0760;06:00;14.03.2019
637;0.4120;0.0750;06:30;14.03.2019
638;0.3290;0.0320;07:00;14.03.2019
639;0.2800;0;07:30;14.03.2019
640;0.2810;0.0010;08:00;14.03.2019
641;0.2840;0.0010;08:30;14.03.2019
642;0.2830;0;09:00;14.03.2019
643;0.2880;0;09:30;14.03.2019
644;0.2890;0;10:00;14.03.2019
645;0.2800;0;10:30;14.03.2019
646;0.2680;0;11:00;14.03.2019
647;0.2650;0;11:30;14.03.2019
648;0.2620;0;12:00;14.03.2019
649;0.2630;0;12:30;14.03.2019
650;0.2650;0.0010;13:00;14.03.2019
651;0.2660;0.0030;13:30;14.03.2019
652;0.2640;0;14:00;14.03.2019
653;0.2670;0;14:30;14.03.2019
654;0.2580;0;15:00;14.03.2019
655;0.2580;0;15:30;14.03.2019
656;0.2570;0;16:00;14.03.2019
657;0.2560;0;16:30;14.03.2019
658;0.2550;0;17:00;14.03.2019
659;0.2560;0;17:30;14.03.2019
660;0.2560;0;18:00;14.03.2019
661;0.2540;0;18:30;14.03.2019
662;0.3190;0.0370;19:00;14.03.2019
663;0.4000;0.0740;19:30;14.03.2019
664;0.4080;0.0760;20:00;14.03.2019
665;0.4070;0.0750;20:30;14.03.2019
666;0.4040;0.0730;21:00;14.03.2019
667;0.4060;0.0760;21:30;14.03.2019
668;0.4020;0.0730;22:00;14.03.2019
669;0.4000;0.0690;22:30;14.03.2019
670;0.4030;0.0650;23:00;14.03.2019
671;0.4260;0.0700;23:30;14.03.2019
672;0.4210;0.0710;00:00;15.03.2019
673;0.4040;0.0730;00:30;15.03.2019
674;0.3970;0.0730;01:00;15.03.2019
675;0.3930;0.0730;01:30;15.03.2019
676;0.3930;0.0730;02:00;15.03.2019
677;0.3950;0.0740;02:30;15.03.2019
678;0.3980;0.0740;03:00;15.03.2019
679;0.3980;0.0740;03:30;15.03.2019
680;0.3970;0.0740;04:00;15.03.2019
681;0.3970;0.0740;04:30;15.03.2019
682;0.3950;0.0740;05:00;15.03.2019
683;0.3780;0.0730;05:30;15.03.2019
684;0.3790;0.0740;06:00;15.03.2019
685;0.3820;0.0740;06:30;15.03.2019
686;0.3110;0.0310;07:00;15.03.2019
687;0.2610;0;07:30;15.03.2019
688;0.2620;0;08:00;15.03.2019
689;0.2650;0;08:30;15.03.2019
690;0.2680;0;09:00;15.03.2019
691;0.2700;0;09:30;15.03.2019
692;0.2670;0;10:00;15.03.2019
693;0.2640;0;10:30;15.03.2019
694;0.2620;0;11:00;15.03.2019
695;0.2620;0;11:30;15.03.2019
696;0.2620;0;12:00;15.03.2019
697;0.2110;0;12:30;15.03.2019
698;0.2600;0;13:00;15.03.2019
699;0.2640;0;13:30;15.03.2019
700;0.2630;0;14:00;15.03.2019
701;0.2610;0.0020;14:30;15.03.2019
702;0.2560;0;15:00;15.03.2019
703;0.2570;0;15:30;15.03.2019
704;0.2550;0.0010;16:00;15.03.2019
705;0.2560;0.0020;16:30;15.03.2019
706;0.2550;0;17:00;15.03.2019
707;0.2550;0;17:30;15.03.2019
708;0.2540;0;18:00;15.03.2019
709;0.2530;0;18:30;15.03.2019
710;0.3290;0.0370;19:00;15.03.2019
711;0.4170;0.0720;19:30;15.03.2019
712;0.4240;0.0750;20:00;15.03.2019
713;0.4250;0.0730;20:30;15.03.2019
714;0.4260;0.0760;21:00;15.03.2019
715;0.4250;0.0750;21:30;15.03.2019
716;0.4250;0.0750;22:00;15.03.2019
717;0.4190;0.0660;22:30;15.03.2019
718;0.4210;0.0630;23:00;15.03.2019
719;0.4200;0.0710;23:30;15.03.2019
720;0.4140;0.0720;00:00;16.03.2019
721;0.3930;0.0720;00:30;16.03.2019
722;0.3750;0.0730;01:00;16.03.2019
723;0.3740;0.0720;01:30;16.03.2019
724;0.3740;0.0730;02:00;16.03.2019
725;0.3750;0.0750;02:30;16.03.2019
726;0.3740;0.0750;03:00;16.03.2019
727;0.3840;0.0750;03:30;16.03.2019
728;0.3830;0.0750;04:00;16.03.2019
729;0.3980;0.0750;04:30;16.03.2019
730;0.4050;0.0750;05:00;16.03.2019
731;0.4230;0.0740;05:30;16.03.2019
732;0.4270;0.0750;06:00;16.03.2019
733;0.4290;0.0750;06:30;16.03.2019
734;0.3610;0.0330;07:00;16.03.2019
735;0.3100;0;07:30;16.03.2019
736;0.3100;0;08:00;16.03.2019
737;0.3120;0;08:30;16.03.2019
738;0.3110;0;09:00;16.03.2019
739;0.3000;0;09:30;16.03.2019
740;0.3020;0;10:00;16.03.2019
741;0.2860;0;10:30;16.03.2019
742;0.2790;0;11:00;16.03.2019
743;0.2550;0;11:30;16.03.2019
744;0.2560;0;12:00;16.03.2019
745;0.2560;0;12:30;16.03.2019
746;0.2550;0;13:00;16.03.2019
747;0.2540;0;13:30;16.03.2019
748;0.2540;0;14:00;16.03.2019
749;0.2540;0;14:30;16.03.2019
750;0.2540;0;15:00;16.03.2019
751;0.2550;0;15:30;16.03.2019
752;0.2550;0;16:00;16.03.2019
753;0.2560;0;16:30;16.03.2019
754;0.2550;0;17:00;16.03.2019
755;0.2560;0;17:30;16.03.2019
756;0.2580;0;18:00;16.03.2019
757;0.2590;0;18:30;16.03.2019
758;0.3080;0.0340;19:00;16.03.2019
759;0.3940;0.0750;19:30;16.03.2019
760;0.3940;0.0740;20:00;16.03.2019
761;0.4080;0.0720;20:30;16.03.2019
762;0.4140;0.0720;21:00;16.03.2019
763;0.4140;0.0720;21:30;16.03.2019
764;0.4160;0.0750;22:00;16.03.2019
765;0.4170;0.0680;22:30;16.03.2019
766;0.4190;0.0650;23:00;16.03.2019
767;0.4140;0.0730;23:30;16.03.2019
768;0.4100;0.0740;00:00;17.03.2019
769;0.3900;0.0740;00:30;17.03.2019
770;0.3880;0.0750;01:00;17.03.2019
771;0.3870;0.0750;01:30;17.03.2019
772;0.3890;0.0750;02:00;17.03.2019
773;0.3720;0.0750;02:30;17.03.2019
774;0.3660;0.0750;03:00;17.03.2019
775;0.3670;0.0760;03:30;17.03.2019
776;0.3660;0.0760;04:00;17.03.2019
777;0.3660;0.0750;04:30;17.03.2019
778;0.3660;0.0760;05:00;17.03.2019
779;0.3670;0.0750;05:30;17.03.2019
780;0.3730;0.0760;06:00;17.03.2019
781;0.3720;0.0750;06:30;17.03.2019
782;0.3060;0.0320;07:00;17.03.2019
783;0.2560;0;07:30;17.03.2019
784;0.2570;0;08:00;17.03.2019
785;0.2590;0;08:30;17.03.2019
786;0.2570;0;09:00;17.03.2019
787;0.2600;0;09:30;17.03.2019
788;0.2590;0;10:00;17.03.2019
789;0.2580;0;10:30;17.03.2019
790;0.2600;0;11:00;17.03.2019
791;0.2590;0;11:30;17.03.2019
792;0.2570;0;12:00;17.03.2019
793;0.2670;0;12:30;17.03.2019
794;0.2780;0;13:00;17.03.2019
795;0.2790;0;13:30;17.03.2019
796;0.2780;0;14:00;17.03.2019
797;0.2770;0;14:30;17.03.2019
798;0.2760;0;15:00;17.03.2019
799;0.2750;0;15:30;17.03.2019
800;0.2750;0;16:00;17.03.2019
801;0.2700;0;16:30;17.03.2019
802;0.2710;0;17:00;17.03.2019
803;0.2710;0;17:30;17.03.2019
804;0.2700;0;18:00;17.03.2019
805;0.2620;0;18:30;17.03.2019
806;0.3070;0.0290;19:00;17.03.2019
807;0.3910;0.0650;19:30;17.03.2019
808;0.3960;0.0710;20:00;17.03.2019
809;0.3990;0.0710;20:30;17.03.2019
810;0.3990;0.0680;21:00;17.03.2019
811;0.3980;0.0570;21:30;17.03.2019
812;0.3930;0.0630;22:00;17.03.2019
813;0.3900;0.0710;22:30;17.03.2019
814;0.3920;0.0710;23:00;17.03.2019
815;0.3920;0.0750;23:30;17.03.2019
816;0.3940;0.0750;00:00;18.03.2019
817;0.3820;0.0760;00:30;18.03.2019
818;0.3740;0.0760;01:00;18.03.2019
819;0.3760;0.0770;01:30;18.03.2019
820;0.3780;0.0770;02:00;18.03.2019
821;0.3780;0.0780;02:30;18.03.2019
822;0.3780;0.0790;03:00;18.03.2019
823;0.3810;0.0790;03:30;18.03.2019
824;0.3850;0.0810;04:00;18.03.2019
825;0.3800;0.0780;04:30;18.03.2019
826;0.3800;0.0790;05:00;18.03.2019
827;0.3790;0.0770;05:30;18.03.2019
828;0.3810;0.0780;06:00;18.03.2019
829;0.4040;0.0780;06:30;18.03.2019
830;0.3320;0.0320;07:00;18.03.2019
831;0.2790;0;07:30;18.03.2019
832;0.2790;0;08:00;18.03.2019
833;0.2810;0;08:30;18.03.2019
834;0.2830;0;09:00;18.03.2019
835;0.2840;0;09:30;18.03.2019
836;0.2850;0;10:00;18.03.2019
837;0.2910;0;10:30;18.03.2019
838;0.2880;0;11:00;18.03.2019
839;0.2890;0;11:30;18.03.2019
840;0.2880;0;12:00;18.03.2019
841;0.2660;0.0030;12:30;18.03.2019
842;0.2580;0.0020;13:00;18.03.2019
843;0.2560;0;13:30;18.03.2019
844;0.2590;0;14:00;18.03.2019
845;0.2610;0;14:30;18.03.2019
846;0.2580;0;15:00;18.03.2019
847;0.2560;0;15:30;18.03.2019
848;0.2540;0;16:00;18.03.2019
849;0.2540;0.0010;16:30;18.03.2019
850;0.2530;0.0010;17:00;18.03.2019
851;0.2530;0;17:30;18.03.2019
852;0.2540;0;18:00;18.03.2019
853;0.2500;0;18:30;18.03.2019
854;0.3120;0.0350;19:00;18.03.2019
855;0.4010;0.0750;19:30;18.03.2019
856;0.4040;0.0730;20:00;18.03.2019
857;0.4040;0.0750;20:30;18.03.2019
858;0.4060;0.0750;21:00;18.03.2019
859;0.4050;0.0770;21:30;18.03.2019
860;0.4010;0.0740;22:00;18.03.2019
861;0.3990;0.0690;22:30;18.03.2019
862;0.4000;0.0660;23:00;18.03.2019
863;0.4030;0.0720;23:30;18.03.2019
864;0.3980;0.0720;00:00;19.03.2019
865;0.3780;0.0740;00:30;19.03.2019
866;0.3760;0.0750;01:00;19.03.2019
867;0.3760;0.0750;01:30;19.03.2019
868;0.3760;0.0750;02:00;19.03.2019
869;0.3710;0.0740;02:30;19.03.2019
870;0.3720;0.0750;03:00;19.03.2019
871;0.3730;0.0750;03:30;19.03.2019
872;0.3720;0.0740;04:00;19.03.2019
873;0.3720;0.0750;04:30;19.03.2019
874;0.3720;0.0740;05:00;19.03.2019
875;0.3710;0.0740;05:30;19.03.2019
876;0.3920;0.0750;06:00;19.03.2019
877;0.3950;0.0740;06:30;19.03.2019
878;0.3250;0.0310;07:00;19.03.2019
879;0.2750;0;07:30;19.03.2019
880;0.2760;0;08:00;19.03.2019
881;0.2780;0;08:30;19.03.2019
882;0.2820;0;09:00;19.03.2019
883;0.2790;0;09:30;19.03.2019
884;0.2800;0;10:00;19.03.2019
885;0.2810;0;10:30;19.03.2019
886;0.2820;0;11:00;19.03.2019
887;0.2800;0;11:30;19.03.2019
888;0.2600;0;12:00;19.03.2019
889;0.2600;0;12:30;19.03.2019
890;0.2590;0;13:00;19.03.2019
891;0.2600;0;13:30;19.03.2019
892;0.2610;0;14:00;19.03.2019
893;0.2590;0;14:30;19.03.2019
894;0.2590;0;15:00;19.03.2019
895;0.2560;0;15:30;19.03.2019
896;0.2570;0;16:00;19.03.2019
897;0.2560;0;16:30;19.03.2019
898;0.2570;0;17:00;19.03.2019
899;0.2560;0.0030;17:30;19.03.2019
900;0.2560;0;18:00;19.03.2019
901;0.2550;0;18:30;19.03.2019
902;0.3130;0.0350;19:00;19.03.2019
903;0.3970;0.0740;19:30;19.03.2019
904;0.3990;0.0750;20:00;19.03.2019
905;0.4010;0.0750;20:30;19.03.2019
906;0.3990;0.0690;21:00;19.03.2019
907;0.4000;0.0750;21:30;19.03.2019
908;0.4000;0.0760;22:00;19.03.2019
909;0.3930;0.0650;22:30;19.03.2019
910;0.3930;0.0590;23:00;19.03.2019
911;0.3930;0.0680;23:30;19.03.2019
912;0.3930;0.0690;00:00;20.03.2019
913;0.3760;0.0730;00:30;20.03.2019
914;0.3780;0.0740;01:00;20.03.2019
915;0.3750;0.0730;01:30;20.03.2019
916;0.3770;0.0740;02:00;20.03.2019
917;0.3810;0.0760;02:30;20.03.2019
918;0.3770;0.0750;03:00;20.03.2019
919;0.3760;0.0750;03:30;20.03.2019
920;0.3760;0.0750;04:00;20.03.2019
921;0.3760;0.0750;04:30;20.03.2019
922;0.3750;0.0740;05:00;20.03.2019
923;0.3870;0.0750;05:30;20.03.2019
924;0.3980;0.0740;06:00;20.03.2019
925;0.3980;0.0740;06:30;20.03.2019
926;0.3300;0.0320;07:00;20.03.2019
927;0.2790;0.0010;07:30;20.03.2019
928;0.2800;0;08:00;20.03.2019
929;0.2820;0;08:30;20.03.2019
930;0.2800;0;09:00;20.03.2019
931;0.2820;0;09:30;20.03.2019
932;0.2800;0;10:00;20.03.2019
933;0.2810;0;10:30;20.03.2019
934;0.2780;0;11:00;20.03.2019
935;0.2670;0;11:30;20.03.2019
936;0.2570;0.0070;12:00;20.03.2019
937;0.2590;0.0060;12:30;20.03.2019
938;0.2570;0.0050;13:00;20.03.2019
939;0.2580;0;13:30;20.03.2019
940;0.2530;0;14:00;20.03.2019
941;0.2540;0;14:30;20.03.2019
942;0.2540;0;15:00;20.03.2019
943;0.2530;0;15:30;20.03.2019
944;0.2530;0;16:00;20.03.2019
945;0.2520;0;16:30;20.03.2019
946;0.2510;0;17:00;20.03.2019
947;0.2540;0;17:30;20.03.2019
948;0.2520;0;18:00;20.03.2019
949;0.2520;0;18:30;20.03.2019
950;0.3080;0.0360;19:00;20.03.2019
951;0.3890;0.0720;19:30;20.03.2019
952;0.3910;0.0730;20:00;20.03.2019
953;0.3910;0.0710;20:30;20.03.2019
954;0.3990;0.0770;21:00;20.03.2019
955;0.3980;0.0770;21:30;20.03.2019
956;0.3940;0.0750;22:00;20.03.2019
957;0.3930;0.0670;22:30;20.03.2019
958;0.3900;0.0660;23:00;20.03.2019
959;0.3950;0.0730;23:30;20.03.2019
960;0.3930;0.0720;00:00;21.03.2019
961;0.3710;0.0710;00:30;21.03.2019
962;0.3740;0.0720;01:00;21.03.2019
963;0.3730;0.0730;01:30;21.03.2019
964;0.3720;0.0740;02:00;21.03.2019
965;0.3720;0.0740;02:30;21.03.2019
966;0.3710;0.0730;03:00;21.03.2019
967;0.3730;0.0750;03:30;21.03.2019
968;0.3900;0.0740;04:00;21.03.2019
969;0.3910;0.0740;04:30;21.03.2019
970;0.3920;0.0740;05:00;21.03.2019
971;0.3900;0.0730;05:30;21.03.2019
972;0.3940;0.0740;06:00;21.03.2019
973;0.3960;0.0730;06:30;21.03.2019
974;0.3250;0.0310;07:00;21.03.2019
975;0.2780;0;07:30;21.03.2019
976;0.2800;0;08:00;21.03.2019
977;0.2830;0;08:30;21.03.2019
978;0.2880;0;09:00;21.03.2019
979;0.2880;0;09:30;21.03.2019
980;0.2680;0;10:00;21.03.2019
981;0.2660;0;10:30;21.03.2019
982;0.2650;0;11:00;21.03.2019
983;0.2640;0;11:30;21.03.2019
984;0.2660;0;12:00;21.03.2019
985;0.2640;0;12:30;21.03.2019
986;0.2590;0;13:00;21.03.2019
987;0.2570;0;13:30;21.03.2019
988;0.2570;0;14:00;21.03.2019
989;0.2570;0;14:30;21.03.2019
990;0.2590;0;15:00;21.03.2019
991;0.2600;0;15:30;21.03.2019
992;0.2590;0;16:00;21.03.2019
993;0.2560;0;16:30;21.03.2019
994;0.2580;0;17:00;21.03.2019
995;0.2540;0;17:30;21.03.2019
996;0.2580;0;18:00;21.03.2019
997;0.2570;0.0020;18:30;21.03.2019
998;0.2580;0.0010;19:00;21.03.2019
999;0.3650;0.0600;19:30;21.03.2019
1000;0.4060;0.0770;20:00;21.03.2019
1001;0.4040;0.0750;20:30;21.03.2019
1002;0.4030;0.0670;21:00;21.03.2019
1003;0.3990;0.0640;21:30;21.03.2019
1004;0.3980;0.0740;22:00;21.03.2019
1005;0.3950;0.0690;22:30;21.03.2019
1006;0.3940;0.0660;23:00;21.03.2019
1007;0.3950;0.0710;23:30;21.03.2019
1008;0.3940;0.0720;00:00;22.03.2019
1009;0.3890;0.0710;00:30;22.03.2019
1010;0.3890;0.0700;01:00;22.03.2019
1011;0.3860;0.0720;01:30;22.03.2019
1012;0.3740;0.0750;02:00;22.03.2019
1013;0.3700;0.0730;02:30;22.03.2019
1014;0.3690;0.0740;03:00;22.03.2019
1015;0.3700;0.0740;03:30;22.03.2019
1016;0.3690;0.0730;04:00;22.03.2019
1017;0.3830;0.0740;04:30;22.03.2019
1018;0.3940;0.0730;05:00;22.03.2019
1019;0.3950;0.0720;05:30;22.03.2019
1020;0.3980;0.0740;06:00;22.03.2019
1021;0.3110;0.0180;06:30;22.03.2019
1022;0.2790;0;07:00;22.03.2019
1023;0.2820;0.0020;07:30;22.03.2019
1024;0.2810;0;08:00;22.03.2019
1025;0.2840;0;08:30;22.03.2019
1026;0.2870;0;09:00;22.03.2019
1027;0.2960;0;09:30;22.03.2019
1028;0.3140;0;10:00;22.03.2019
1029;0.3070;0;10:30;22.03.2019
1030;0.2910;0;11:00;22.03.2019
1031;0.2920;0;11:30;22.03.2019
1032;0.2900;0;12:00;22.03.2019
1033;0.2880;0;12:30;22.03.2019
1034;0.2880;0;13:00;22.03.2019
1035;0.2880;0;13:30;22.03.2019
1036;0.2890;0;14:00;22.03.2019
1037;0.2870;0;14:30;22.03.2019
1038;0.2910;0;15:00;22.03.2019
1039;0.2980;0;15:30;22.03.2019
1040;0.2850;0;16:00;22.03.2019
1041;0.2840;0;16:30;22.03.2019
1042;0.2830;0;17:00;22.03.2019
1043;0.2800;0;17:30;22.03.2019
1044;0.2820;0;18:00;22.03.2019
1045;0.2800;0;18:30;22.03.2019
1046;0.2920;0;19:00;22.03.2019
1047;0.4010;0.0560;19:30;22.03.2019
1048;0.4480;0.0770;20:00;22.03.2019
1049;0.4470;0.0750;20:30;22.03.2019
1050;0.4430;0.0710;21:00;22.03.2019
1051;0.4230;0.0730;21:30;22.03.2019
1052;0.4220;0.0740;22:00;22.03.2019
1053;0.4170;0.0620;22:30;22.03.2019
1054;0.4150;0.0560;23:00;22.03.2019
1055;0.4190;0.0710;23:30;22.03.2019
1056;0.4080;0.0690;00:00;23.03.2019
1057;0.3910;0.0700;00:30;23.03.2019
1058;0.3750;0.0710;01:00;23.03.2019
1059;0.3740;0.0720;01:30;23.03.2019
1060;0.3850;0.0710;02:00;23.03.2019
1061;0.3890;0.0720;02:30;23.03.2019
1062;0.3880;0.0710;03:00;23.03.2019
1063;0.3940;0.0730;03:30;23.03.2019
1064;0.3920;0.0720;04:00;23.03.2019
1065;0.3930;0.0720;04:30;23.03.2019
1066;0.3920;0.0720;05:00;23.03.2019
1067;0.3890;0.0720;05:30;23.03.2019
1068;0.3910;0.0730;06:00;23.03.2019
1069;0.3080;0.0180;06:30;23.03.2019
1070;0.2920;0;07:00;23.03.2019
1071;0.2980;0;07:30;23.03.2019
1072;0.2840;0;08:00;23.03.2019
1073;0.2800;0;08:30;23.03.2019
1074;0.2780;0;09:00;23.03.2019
1075;0.2800;0;09:30;23.03.2019
1076;0.2780;0;10:00;23.03.2019
1077;0.2800;0;10:30;23.03.2019
1078;0.2780;0;11:00;23.03.2019
1079;0.2790;0;11:30;23.03.2019
1080;0.2790;0;12:00;23.03.2019
1081;0.2780;0;12:30;23.03.2019
1082;0.2580;0;13:00;23.03.2019
1083;0.2520;0;13:30;23.03.2019
1084;0.2500;0;14:00;23.03.2019
1085;0.2520;0;14:30;23.03.2019
1086;0.2490;0;15:00;23.03.2019
1087;0.2490;0;15:30;23.03.2019
1088;0.2470;0;16:00;23.03.2019
1089;0.2470;0;16:30;23.03.2019
1090;0.2470;0;17:00;23.03.2019
1091;0.2450;0;17:30;23.03.2019
1092;0.2470;0;18:00;23.03.2019
1093;0.2470;0;18:30;23.03.2019
1094;0.2450;0;19:00;23.03.2019
1095;0.3460;0.0560;19:30;23.03.2019
1096;0.3810;0.0690;20:00;23.03.2019
1097;0.3820;0.0680;20:30;23.03.2019
1098;0.3820;0.0680;21:00;23.03.2019
1099;0.3820;0.0670;21:30;23.03.2019
1100;0.3830;0.0700;22:00;23.03.2019
1101;0.3790;0.0650;22:30;23.03.2019
1102;0.3790;0.0560;23:00;23.03.2019
1103;0.3820;0.0680;23:30;23.03.2019
1104;0.3800;0.0670;00:00;24.03.2019
1105;0.3800;0.0690;00:30;24.03.2019
1106;0.3760;0.0710;01:00;24.03.2019
1107;0.3740;0.0700;01:30;24.03.2019
1108;0.3800;0.0710;02:00;24.03.2019
1109;0.3830;0.0720;02:30;24.03.2019
1110;0.3820;0.0710;03:00;24.03.2019
1111;0.3840;0.0730;03:30;24.03.2019
1112;0.3840;0.0720;04:00;24.03.2019
1113;0.3840;0.0720;04:30;24.03.2019
1114;0.3840;0.0720;05:00;24.03.2019
1115;0.3830;0.0710;05:30;24.03.2019
1116;0.3850;0.0720;06:00;24.03.2019
1117;0.2810;0.0170;06:30;24.03.2019
1118;0.2490;0;07:00;24.03.2019
1119;0.2510;0;07:30;24.03.2019
1120;0.2480;0;08:00;24.03.2019
1121;0.2450;0;08:30;24.03.2019
1122;0.2500;0;09:00;24.03.2019
1123;0.2550;0;09:30;24.03.2019
1124;0.2540;0;10:00;24.03.2019
1125;0.2560;0;10:30;24.03.2019
1126;0.2570;0;11:00;24.03.2019
1127;0.2650;0;11:30;24.03.2019
1128;0.2770;0;12:00;24.03.2019
1129;0.2770;0;12:30;24.03.2019
1130;0.2740;0;13:00;24.03.2019
1131;0.2740;0;13:30;24.03.2019
1132;0.2750;0;14:00;24.03.2019
1133;0.2750;0;14:30;24.03.2019
1134;0.2740;0;15:00;24.03.2019
1135;0.2910;0.0010;15:30;24.03.2019
1136;0.2900;0;16:00;24.03.2019
1137;0.2900;0;16:30;24.03.2019
1138;0.2910;0;17:00;24.03.2019
1139;0.2830;0;17:30;24.03.2019
1140;0.2700;0;18:00;24.03.2019
1141;0.2720;0;18:30;24.03.2019
1142;0.2840;0;19:00;24.03.2019
1143;0.3930;0.0490;19:30;24.03.2019
1144;0.4320;0.0690;20:00;24.03.2019
1145;0.4320;0.0670;20:30;24.03.2019
1146;0.4370;0.0640;21:00;24.03.2019
1147;0.4200;0.0560;21:30;24.03.2019
1148;0.4160;0.0670;22:00;24.03.2019
1149;0.4150;0.0700;22:30;24.03.2019
1150;0.4290;0.0690;23:00;24.03.2019
1151;0.4320;0.0700;23:30;24.03.2019
1152;0.4320;0.0710;00:00;25.03.2019
1153;0.4180;0.0740;00:30;25.03.2019
1154;0.4010;0.0730;01:00;25.03.2019
1155;0.3960;0.0740;01:30;25.03.2019
1156;0.3940;0.0750;02:00;25.03.2019
1157;0.3940;0.0750;02:30;25.03.2019
1158;0.3940;0.0750;03:00;25.03.2019
1159;0.3940;0.0750;03:30;25.03.2019
1160;0.3960;0.0740;04:00;25.03.2019
1161;0.4080;0.0740;04:30;25.03.2019
1162;0.3900;0.0740;05:00;25.03.2019
1163;0.3880;0.0730;05:30;25.03.2019
1164;0.3960;0.0750;06:00;25.03.2019
1165;0.3040;0.0170;06:30;25.03.2019
1166;0.2720;0;07:00;25.03.2019
1167;0.2760;0;07:30;25.03.2019
1168;0.2770;0;08:00;25.03.2019
1169;0.2770;0;08:30;25.03.2019
1170;0.2820;0;09:00;25.03.2019
1171;0.2840;0;09:30;25.03.2019
1172;0.2770;0;10:00;25.03.2019
1173;0.2640;0;10:30;25.03.2019
1174;0.2630;0;11:00;25.03.2019
1175;0.2640;0.0020;11:30;25.03.2019
1176;0.2640;0.0060;12:00;25.03.2019
1177;0.2630;0;12:30;25.03.2019
1178;0.2620;0;13:00;25.03.2019
1179;0.2590;0;13:30;25.03.2019
1180;0.2580;0;14:00;25.03.2019
1181;0.2580;0;14:30;25.03.2019
1182;0.2550;0;15:00;25.03.2019
1183;0.2530;0;15:30;25.03.2019
1184;0.2490;0;16:00;25.03.2019
1185;0.2500;0;16:30;25.03.2019
1186;0.2500;0;17:00;25.03.2019
1187;0.2510;0;17:30;25.03.2019
1188;0.2510;0;18:00;25.03.2019
1189;0.2510;0;18:30;25.03.2019
1190;0.2490;0;19:00;25.03.2019
1191;0.3580;0.0590;19:30;25.03.2019
1192;0.3990;0.0750;20:00;25.03.2019
1193;0.3960;0.0730;20:30;25.03.2019
1194;0.3990;0.0790;21:00;25.03.2019
1195;0.4000;0.0780;21:30;25.03.2019
1196;0.3960;0.0750;22:00;25.03.2019
1197;0.3930;0.0690;22:30;25.03.2019
1198;0.3920;0.0650;23:00;25.03.2019
1199;0.3910;0.0730;23:30;25.03.2019
1200;0.3890;0.0710;00:00;26.03.2019
1201;0.3680;0.0720;00:30;26.03.2019
1202;0.3650;0.0720;01:00;26.03.2019
1203;0.3820;0.0730;01:30;26.03.2019
1204;0.3880;0.0740;02:00;26.03.2019
1205;0.3910;0.0740;02:30;26.03.2019
1206;0.3880;0.0740;03:00;26.03.2019
1207;0.3910;0.0740;03:30;26.03.2019
1208;0.3900;0.0740;04:00;26.03.2019
1209;0.3900;0.0740;04:30;26.03.2019
1210;0.3900;0.0740;05:00;26.03.2019
1211;0.3900;0.0730;05:30;26.03.2019
1212;0.3940;0.0750;06:00;26.03.2019
1213;0.3040;0.0220;06:30;26.03.2019
1214;0.2720;0;07:00;26.03.2019
1215;0.2570;0;07:30;26.03.2019
1216;0.2540;0;08:00;26.03.2019
1217;0.2540;0;08:30;26.03.2019
1218;0.2520;0;09:00;26.03.2019
1219;0.2530;0;09:30;26.03.2019
1220;0.2510;0;10:00;26.03.2019
1221;0.2520;0;10:30;26.03.2019
1222;0.2490;0;11:00;26.03.2019
1223;0.2490;0;11:30;26.03.2019
1224;0.2480;0;12:00;26.03.2019
1225;0.2480;0;12:30;26.03.2019
1226;0.2470;0;13:00;26.03.2019
1227;0.2480;0;13:30;26.03.2019
1228;0.2510;0.0030;14:00;26.03.2019
1229;0.2500;0.0020;14:30;26.03.2019
1230;0.2480;0;15:00;26.03.2019
1231;0.2500;0;15:30;26.03.2019
1232;0.2490;0;16:00;26.03.2019
1233;0.2510;0;16:30;26.03.2019
1234;0.2500;0;17:00;26.03.2019
1235;0.2510;0.0050;17:30;26.03.2019
1236;0.2500;0.0020;18:00;26.03.2019
1237;0.2490;0;18:30;26.03.2019
1238;0.2490;0;19:00;26.03.2019
1239;0.3540;0.0580;19:30;26.03.2019
1240;0.3950;0.0730;20:00;26.03.2019
1241;0.3490;0.0580;20:30;26.03.2019
1242;0.3510;0.0560;21:00;26.03.2019
1243;0.3980;0.0750;21:30;26.03.2019
1244;0.4010;0.0740;22:00;26.03.2019
1245;0.4010;0.0730;22:30;26.03.2019
1246;0.4000;0.0720;23:00;26.03.2019
1247;0.3970;0.0720;23:30;26.03.2019
1248;0.3920;0.0720;00:00;27.03.2019
1249;0.3740;0.0730;00:30;27.03.2019
1250;0.3780;0.0730;01:00;27.03.2019
1251;0.3890;0.0730;01:30;27.03.2019
1252;0.3910;0.0740;02:00;27.03.2019
1253;0.3790;0.0570;02:30;27.03.2019
1254;0.3870;0.0730;03:00;27.03.2019
1255;0.3880;0.0730;03:30;27.03.2019
1256;0.3910;0.0740;04:00;27.03.2019
1257;0.3920;0.0730;04:30;27.03.2019
1258;0.3920;0.0740;05:00;27.03.2019
1259;0.3910;0.0730;05:30;27.03.2019
1260;0.3950;0.0730;06:00;27.03.2019
1261;0.3050;0.0190;06:30;27.03.2019
1262;0.2670;0;07:00;27.03.2019
1263;0.2590;0.0010;07:30;27.03.2019
1264;0.2570;0;08:00;27.03.2019
1265;0.2530;0;08:30;27.03.2019
1266;0.2560;0;09:00;27.03.2019
1267;0.2580;0;09:30;27.03.2019
1268;0.2540;0;10:00;27.03.2019
1269;0.2550;0;10:30;27.03.2019
1270;0.2560;0;11:00;27.03.2019
1271;0.2560;0;11:30;27.03.2019
1272;0.2550;0;12:00;27.03.2019
1273;0.2600;0;12:30;27.03.2019
1274;0.2620;0;13:00;27.03.2019
1275;0.2640;0.0020;13:30;27.03.2019
1276;0.2640;0;14:00;27.03.2019
1277;0.2590;0;14:30;27.03.2019
1278;0.2570;0;15:00;27.03.2019
1279;0.2550;0;15:30;27.03.2019
1280;0.2570;0;16:00;27.03.2019
1281;0.2540;0;16:30;27.03.2019
1282;0.2540;0;17:00;27.03.2019
1283;0.2550;0;17:30;27.03.2019
1284;0.2600;0.0040;18:00;27.03.2019
1285;0.2570;0;18:30;27.03.2019
1286;0.2570;0;19:00;27.03.2019
1287;0.3660;0.0620;19:30;27.03.2019
1288;0.4010;0.0740;20:00;27.03.2019
1289;0.4100;0.0760;20:30;27.03.2019
1290;0.4310;0.0780;21:00;27.03.2019
1291;0.4260;0.0740;21:30;27.03.2019
1292;0.4250;0.0700;22:00;27.03.2019
1293;0.4230;0.0580;22:30;27.03.2019
1294;0.4190;0.0620;23:00;27.03.2019
1295;0.4190;0.0710;23:30;27.03.2019
1296;0.4160;0.0700;00:00;28.03.2019
1297;0.4040;0.0760;00:30;28.03.2019
1298;0.3980;0.0760;01:00;28.03.2019
1299;0.3940;0.0740;01:30;28.03.2019
1300;0.3950;0.0740;02:00;28.03.2019
1301;0.3910;0.0750;02:30;28.03.2019
1302;0.3770;0.0750;03:00;28.03.2019
1303;0.3760;0.0740;03:30;28.03.2019
1304;0.3760;0.0750;04:00;28.03.2019
1305;0.3750;0.0750;04:30;28.03.2019
1306;0.3720;0.0750;05:00;28.03.2019
1307;0.3700;0.0750;05:30;28.03.2019
1308;0.3720;0.0750;06:00;28.03.2019
1309;0.2800;0.0190;06:30;28.03.2019
1310;0.2470;0;07:00;28.03.2019
1311;0.2490;0;07:30;28.03.2019
1312;0.2490;0;08:00;28.03.2019
1313;0.2500;0;08:30;28.03.2019
1314;0.2520;0;09:00;28.03.2019
1315;0.2530;0;09:30;28.03.2019
1316;0.2520;0;10:00;28.03.2019
1317;0.2520;0;10:30;28.03.2019
1318;0.2530;0;11:00;28.03.2019
1319;0.2530;0;11:30;28.03.2019
1320;0.2540;0;12:00;28.03.2019
1321;0.2540;0;12:30;28.03.2019
1322;0.2550;0;13:00;28.03.2019
1323;0.2560;0;13:30;28.03.2019
1324;0.2550;0;14:00;28.03.2019
1325;0.2550;0;14:30;28.03.2019
1326;0.2560;0;15:00;28.03.2019
1327;0.2550;0;15:30;28.03.2019
1328;0.2550;0;16:00;28.03.2019
1329;0.2580;0;16:30;28.03.2019
1330;0.2570;0;17:00;28.03.2019
1331;0.2560;0;17:30;28.03.2019
1332;0.2540;0;18:00;28.03.2019
1333;0.2570;0;18:30;28.03.2019
1334;0.2570;0.0090;19:00;28.03.2019
1335;0.3620;0.0580;19:30;28.03.2019
1336;0.4020;0.0720;20:00;28.03.2019
1337;0.4050;0.0730;20:30;28.03.2019
1338;0.4120;0.0740;21:00;28.03.2019
1339;0.4250;0.0750;21:30;28.03.2019
1340;0.4200;0.0740;22:00;28.03.2019
1341;0.4190;0.0720;22:30;28.03.2019
1342;0.4160;0.0640;23:00;28.03.2019
1343;0.4160;0.0700;23:30;28.03.2019
1344;0.4140;0.0710;00:00;29.03.2019
1345;0.3960;0.0730;00:30;29.03.2019
1346;0.3940;0.0750;01:00;29.03.2019
1347;0.3950;0.0750;01:30;29.03.2019
1348;0.3930;0.0750;02:00;29.03.2019
1349;0.3950;0.0760;02:30;29.03.2019
1350;0.3840;0.0750;03:00;29.03.2019
1351;0.3710;0.0750;03:30;29.03.2019
1352;0.3740;0.0740;04:00;29.03.2019
1353;0.3740;0.0740;04:30;29.03.2019
1354;0.3750;0.0750;05:00;29.03.2019
1355;0.3730;0.0730;05:30;29.03.2019
1356;0.3760;0.0740;06:00;29.03.2019
1357;0.2850;0.0190;06:30;29.03.2019
1358;0.2570;0;07:00;29.03.2019
1359;0.2580;0;07:30;29.03.2019
1360;0.2590;0;08:00;29.03.2019
1361;0.2600;0;08:30;29.03.2019
1362;0.2590;0;09:00;29.03.2019
1363;0.2650;0;09:30;29.03.2019
1364;0.2660;0;10:00;29.03.2019
1365;0.2820;0;10:30;29.03.2019
1366;0.2860;0;11:00;29.03.2019
1367;0.2870;0.0010;11:30;29.03.2019
1368;0.2860;0;12:00;29.03.2019
1369;0.2880;0;12:30;29.03.2019
1370;0.2870;0;13:00;29.03.2019
1371;0.2900;0;13:30;29.03.2019
1372;0.2880;0;14:00;29.03.2019
1373;0.2880;0;14:30;29.03.2019
1374;0.3030;0;15:00;29.03.2019
1375;0.3060;0;15:30;29.03.2019
1376;0.3000;0;16:00;29.03.2019
1377;0.2820;0;16:30;29.03.2019
1378;0.2760;0;17:00;29.03.2019
1379;0.2770;0;17:30;29.03.2019
1380;0.2760;0;18:00;29.03.2019
1381;0.2760;0;18:30;29.03.2019
1382;0.2760;0;19:00;29.03.2019
1383;0.3830;0.0590;19:30;29.03.2019
1384;0.4220;0.0740;20:00;29.03.2019
1385;0.4260;0.0760;20:30;29.03.2019
1386;0.4130;0.0760;21:00;29.03.2019
1387;0.4050;0.0740;21:30;29.03.2019
1388;0.4010;0.0730;22:00;29.03.2019
1389;0.3970;0.0690;22:30;29.03.2019
1390;0.3950;0.0680;23:00;29.03.2019
1391;0.3960;0.0720;23:30;29.03.2019
1392;0.3920;0.0710;00:00;30.03.2019
1393;0.3870;0.0690;00:30;30.03.2019
1394;0.3850;0.0690;01:00;30.03.2019
1395;0.3850;0.0690;01:30;30.03.2019
1396;0.3850;0.0690;02:00;30.03.2019
1397;0.3880;0.0700;02:30;30.03.2019
1398;0.3890;0.0700;03:00;30.03.2019
1399;0.3890;0.0710;03:30;30.03.2019
1400;0.3890;0.0700;04:00;30.03.2019
1401;0.3880;0.0700;04:30;30.03.2019
1402;0.3860;0.0710;05:00;30.03.2019
1403;0.3860;0.0700;05:30;30.03.2019
1404;0.3830;0.0710;06:00;30.03.2019
1405;0.2810;0.0190;06:30;30.03.2019
1406;0.2510;0;07:00;30.03.2019
1407;0.2490;0;07:30;30.03.2019
1408;0.2490;0;08:00;30.03.2019
1409;0.2500;0;08:30;30.03.2019
1410;0.2460;0;09:00;30.03.2019
1411;0.2470;0;09:30;30.03.2019
1412;0.2480;0;10:00;30.03.2019
1413;0.2470;0;10:30;30.03.2019
1414;0.2480;0;11:00;30.03.2019
1415;0.2480;0;11:30;30.03.2019
1416;0.2470;0;12:00;30.03.2019
1417;0.2480;0;12:30;30.03.2019
1418;0.2490;0;13:00;30.03.2019
1419;0.2480;0;13:30;30.03.2019
1420;0.2460;0;14:00;30.03.2019
1421;0.2450;0;14:30;30.03.2019
1422;0.2440;0;15:00;30.03.2019
1423;0.2440;0;15:30;30.03.2019
1424;0.2440;0;16:00;30.03.2019
1425;0.2440;0;16:30;30.03.2019
1426;0.2450;0;17:00;30.03.2019
1427;0.2440;0;17:30;30.03.2019
1428;0.2450;0;18:00;30.03.2019
1429;0.2440;0;18:30;30.03.2019
1430;0.2440;0;19:00;30.03.2019
1431;0.3500;0.0550;19:30;30.03.2019
1432;0.3840;0.0680;20:00;30.03.2019
1433;0.3860;0.0690;20:30;30.03.2019
1434;0.2560;0.0070;21:00;30.03.2019
1435;0.2570;0;21:30;30.03.2019
1436;0.3920;0.0680;22:00;30.03.2019
1437;0.4050;0.0660;22:30;30.03.2019
1438;0.4060;0.0630;23:00;30.03.2019
1439;0.4050;0.0700;23:30;30.03.2019
1440;0.4000;0.0690;00:00;31.03.2019
1441;0.3800;0.0710;00:30;31.03.2019
1442;0.3790;0.0700;01:00;31.03.2019
1443;0.3800;0.0710;01:30;31.03.2019
1444;0.3800;0.0720;02:00;31.03.2019
1445;0.3810;0.0720;02:30;31.03.2019
1446;0.3810;0.0720;03:00;31.03.2019
1447;0.3680;0.0730;03:30;31.03.2019
1448;0.3630;0.0730;04:00;31.03.2019
1449;0.3640;0.0730;04:30;31.03.2019
1450;0.3620;0.0720;05:00;31.03.2019
1451;0.3620;0.0720;05:30;31.03.2019
1452;0.3660;0.0730;06:00;31.03.2019
1453;0.2750;0.0180;06:30;31.03.2019
1454;0.2470;0;07:00;31.03.2019
1455;0.2450;0;07:30;31.03.2019
1456;0.2460;0;08:00;31.03.2019
1457;0.2460;0;08:30;31.03.2019
1458;0.2450;0;09:00;31.03.2019
1459;0.2470;0;09:30;31.03.2019
1460;0.2490;0;10:00;31.03.2019
1461;0.2470;0;10:30;31.03.2019
1462;0.2430;0;11:00;31.03.2019
1463;0.2410;0;11:30;31.03.2019
1464;0.2420;0;12:00;31.03.2019
1465;0.2420;0;12:30;31.03.2019
1466;0.2410;0;13:00;31.03.2019
1467;0.2410;0;13:30;31.03.2019
1468;0.2400;0;14:00;31.03.2019
1469;0.2410;0;14:30;31.03.2019
1470;0.2420;0;15:00;31.03.2019
1471;0.2400;0;15:30;31.03.2019
1472;0.2420;0;16:00;31.03.2019
1473;0.2410;0;16:30;31.03.2019
1474;0.2410;0;17:00;31.03.2019
1475;0.2410;0;17:30;31.03.2019
1476;0.2410;0;18:00;31.03.2019
1477;0.2400;0;18:30;31.03.2019
1478;0.2420;0;19:00;31.03.2019
1479;0.3460;0.0520;19:30;31.03.2019
1480;0.3840;0.0700;20:00;31.03.2019
1481;0.3830;0.0660;20:30;31.03.2019
1482;0.3840;0.0670;21:00;31.03.2019
1483;0.3840;0.0690;21:30;31.03.2019
1484;0.3830;0.0690;22:00;31.03.2019
1485;0.3820;0.0690;22:30;31.03.2019
1486;0.3840;0.0680;23:00;31.03.2019
1487;0.3800;0.0690;23:30;31.03.2019
1488;0.3820;0.0710;00:00;01.04.2019
